{
  "norm_stats": {
    "state": {
      "mean": [
        -0.04528287425637245,
        0.0334765650331974,
        0.7827737927436829,
        2.9489870071411133,
        -0.2828550934791565,
        -0.14829689264297485,
        0.02700015902519226,
        -0.027273692190647125
      ],
      "std": [
        0.10387280583381653,
        0.1511877030134201,
        0.37043923139572144,
        0.3628755807876587,
        0.9805341362953186,
        0.34411367774009705,
        0.01412990689277649,
        0.01402908843010664
      ],
      "q01": [
        -0.233364999294281,
        -0.09259624034166336,
        0.9165058732032776,
        1.5873816013336182,
        -2.5002827644348145,
        -1.0581653118133545,
        0.0018250683788210154,
        -0.04009010270237923
      ],
      "q99": [
        0.09123249351978302,
        0.21360088884830475,
        1.1837003231048584,
        3.1835508346557617,
        3.033081531524658,
        0.8550904989242554,
        0.04054655507206917,
        -0.00146536435931921
      ]
    },
    "actions": {
      "mean": [
        0.058146871626377106,
        0.0831763818860054,
        -0.08981689065694809,
        0.0009011951042339206,
        0.005159333813935518,
        -0.005383291281759739,
        -0.06720814853906631
      ],
      "std": [
        0.3341098129749298,
        0.37449976801872253,
        0.43667012453079224,
        0.040497276932001114,
        0.06329711526632309,
        0.07979442179203033,
        0.9977389574050903
      ],
      "q01": [
        -0.47678571939468384,
        -0.7366071343421936,
        -0.7821428775787354,
        -0.07179642468690872,
        -0.16607142984867096,
        -0.29357144236564636,
        -1.0
      ],
      "q99": [
        0.7285714149475098,
        0.7848214507102966,
        0.8330357074737549,
        0.18535713851451874,
        0.16500000655651093,
        0.375,
        1.0
      ]
    }
  },
  "metadata": {
    "data_dir": "./datasets/metas",
    "subsets": [
      "libero_10",
      "libero_goal",
      "libero_object",
      "libero_spatial"
    ],
    "num_demos": 2000,
    "num_steps": 338575,
    "state_dim": 8,
    "action_dim": 7,
    "state_labels": [
      "ee_x",
      "ee_y",
      "ee_z",
      "ori_r",
      "ori_p",
      "ori_y",
      "grip_0",
      "grip_1"
    ],
    "action_labels": [
      "dx",
      "dy",
      "dz",
      "dr",
      "dp",
      "dyaw",
      "gripper"
    ]
  }
}